feature,importance_mean,importance_std
daily_screen_hours,0.09836351718786093,0.009028957781354662
occupation_Self-employed,0.003365367989268314,0.001500141196617308
occupation_Part-time employed,0.0018382082025505063,0.0014823470457362546
daily_notifications,0.0014822560244419692,0.006699331796922349
night_time_use_Never,0.0011642616192365008,0.0023832509082044153
social_comparison_1to10,0.0010551314285947577,0.004485138887555065
most_used_platform_Instagram,0.0006558527376982926,0.0013171396560491795
fomo_1to10,0.0006091356024763128,0.004067223979171013
age,0.000411409907503274,0.00378262145208516
occupation_Unemployed,0.00028034411514207824,0.00080663711091567
most_used_platform_LinkedIn,0.000270346892113732,0.0006887067062103898
platforms_used_count,0.0001953849663149987,0.0023748381648551007
region_Oceania,6.836166268809895e-05,0.0007387958353544983
most_used_platform_Reddit,3.263572846213813e-05,0.0008476499798065208
gender_Prefer not to say,-1.737853270541989e-05,0.0003113916834535251
region_Asia,-3.354848315255121e-05,0.0015652329379483658
most_used_platform_Snapchat,-0.00015636698469534416,0.001107209788811144
primary_purpose_News/information,-0.00025562460702463485,0.0009758231478727219
occupation_Retired,-0.0002693322515328611,0.0003935024419891736
minutes_to_first_check_after_waking,-0.0002854967645261275,0.0043089337457736165
primary_purpose_Passing time/boredom,-0.00040353148712423683,0.0011438944969762064
night_time_use_Often,-0.00042073986729749267,0.0011331451564790653
gender_Non-binary,-0.0008460761853967547,0.0009196949403616013
primary_purpose_Content creation,-0.0008643737188774647,0.001197393634419181
primary_purpose_Work/career,-0.0008833778395401614,0.0012657562418168604
region_Latin America,-0.000978647353923162,0.0011085695430493468
occupation_Student,-0.0010989025187090663,0.0020987898729936953
most_used_platform_X/Twitter,-0.001217007529117331,0.0011720988684241678
physical_activity_days_per_week,-0.0012586918724111385,0.0027977107531511843
most_used_platform_YouTube,-0.0012685567995520063,0.001253671610470474
gender_Male,-0.0015278459834401127,0.001640994541629116
"attempted_digital_detox_Yes, succeeded",-0.0015405687970061754,0.0013762787729305233
"attempted_digital_detox_Yes, failed",-0.0018776100882645363,0.001965441166794284
most_used_platform_TikTok,-0.002163503811528561,0.0013071906858527938
uses_screen_time_limits_Yes,-0.0025532829668848678,0.0008700335581358106
region_Europe,-0.0036022392641889443,0.0011065172564694629
region_North America,-0.003809269989819175,0.001574748120536892
primary_purpose_Entertainment,-0.004661379390058551,0.0012189319557167632
night_time_use_Sometimes,-0.005595433155846591,0.0030998666212486157
avg_sleep_hours,-0.006210625727755342,0.004897096662923611
